year,Mean Revenue Information Technology ($ millions),Mean Revenue Not Information Technology ($ millions)
2010,1233.6357716513191,21660.498993154975
2011,1428.5356982924266,23085.704465017618
2012,1611.0947514734705,24557.143078713718
2013,1681.5704546195218,24794.080012489852
2014,1684.6001033556365,24688.24192718468
2015,1298.9895744187124,25717.156739381557
2016,1467.594552208894,24086.77165136016
2017,1608.3528722584858,23539.889451648156
2018,1685.2726748589246,24408.069929942998
